{
  "concern_id": "UQ-FRAMEWORK-001",
  "resolution_status": "RESOLVED",
  "resolution_date": "2025-01-15",
  "optimization_successful": true,
  "validation_passed": true,
  "final_metrics": {
    "stability_score": 0.8424999999047595,
    "efficiency_score": 1.0,
    "condition_number": 1.5608308604844783,
    "frobenius_norm": 1.7744964073843585,
    "cross_coupling_strength": 0.15749999990475944,
    "matrix_rank": 3
  },
  "repository_validation": {
    "lqg-polymer-field-generator": {
      "stability_pass": true,
      "coupling_vector": [
        1.0,
        0.15750000000000003,
        0.15749999971427825
      ],
      "min_coupling": 0.15749999971427825,
      "max_coupling": 1.0,
      "threshold": 0.1
    },
    "warp-field-coils": {
      "stability_pass": true,
      "coupling_vector": [
        0.15750000000000003,
        0.9999999999999999,
        0.15750000000000003
      ],
      "min_coupling": 0.15750000000000003,
      "max_coupling": 0.9999999999999999,
      "threshold": 0.15
    },
    "unified-lqg": {
      "stability_pass": true,
      "coupling_vector": [
        0.15749999971427825,
        0.15750000000000003,
        1.0
      ],
      "min_coupling": 0.15749999971427825,
      "max_coupling": 1.0,
      "threshold": 0.12
    },
    "global_stability": {
      "positive_definite": true,
      "min_eigenvalue": 0.8424999999047595,
      "condition_number": 1.5608308604844783,
      "stability_margin": 0.8424999999047595
    },
    "overall_status": {
      "validation_passed": true,
      "individual_repositories_pass": true,
      "global_stability_pass": true
    }
  },
  "optimized_coupling_matrix": [
    [
      1.0,
      0.15750000000000003,
      0.15749999971427825
    ],
    [
      0.15750000000000003,
      0.9999999999999999,
      0.15750000000000003
    ],
    [
      0.15749999971427825,
      0.15750000000000003,
      1.0
    ]
  ]
}